timestamp,location,pred
6/30/23 1:00,26001,1.107620358
6/30/23 2:00,26001,0.449785233
6/30/23 3:00,26001,0.174666971
6/30/23 4:00,26001,0.115700215
6/30/23 5:00,26001,0.166170895
6/30/23 6:00,26001,0.267042518
6/30/23 7:00,26001,0.389315754
6/30/23 8:00,26001,0.504011154
6/30/23 9:00,26001,0.599924862
6/30/23 10:00,26001,0.670404315
6/30/23 11:00,26001,0.714879215
6/30/23 12:00,26001,0.735751808
6/30/23 13:00,26001,0.744327903
6/30/23 14:00,26001,0.746861637
6/30/23 15:00,26001,0.746887743
6/30/23 16:00,26001,0.746232092
6/30/23 17:00,26001,0.745659947
6/30/23 18:00,26001,0.745385647
6/30/23 19:00,26001,0.745380759
6/30/23 20:00,26001,0.745536447
6/30/23 21:00,26001,0.745750487
6/30/23 22:00,26001,0.745953023
6/30/23 23:00,26001,0.746108592
7/1/23 0:00,26001,0.74621141
6/30/23 1:00,26003,0.172619998
6/30/23 2:00,26003,0.167878062
6/30/23 3:00,26003,0.16787298
6/30/23 4:00,26003,0.166687682
6/30/23 5:00,26003,0.162997007
6/30/23 6:00,26003,0.157684878
6/30/23 7:00,26003,0.15193966
6/30/23 8:00,26003,0.146676451
6/30/23 9:00,26003,0.142288968
6/30/23 10:00,26003,0.138885677
6/30/23 11:00,26003,0.136376813
6/30/23 12:00,26003,0.134625167
6/30/23 13:00,26003,0.133445546
6/30/23 14:00,26003,0.132700413
6/30/23 15:00,26003,0.132280663
6/30/23 16:00,26003,0.132049546
6/30/23 17:00,26003,0.131946191
6/30/23 18:00,26003,0.131875366
6/30/23 19:00,26003,0.131846666
6/30/23 20:00,26003,0.131863952
6/30/23 21:00,26003,0.131878242
6/30/23 22:00,26003,0.131881416
6/30/23 23:00,26003,0.131873935
7/1/23 0:00,26003,0.131883144
6/30/23 1:00,26005,0.201865718
6/30/23 2:00,26005,0.324822068
6/30/23 3:00,26005,0.425903171
6/30/23 4:00,26005,0.508753777
6/30/23 5:00,26005,0.58182013
6/30/23 6:00,26005,0.648876071
6/30/23 7:00,26005,0.709181309
6/30/23 8:00,26005,0.764157295
6/30/23 9:00,26005,0.813769817
6/30/23 10:00,26005,0.860819399
6/30/23 11:00,26005,0.908296406
6/30/23 12:00,26005,0.936049104
6/30/23 13:00,26005,0.969991565
6/30/23 14:00,26005,0.999812305
6/30/23 15:00,26005,1.030373812
6/30/23 16:00,26005,1.061745524
6/30/23 17:00,26005,1.094689012
6/30/23 18:00,26005,1.134262562
6/30/23 19:00,26005,1.171460748
6/30/23 20:00,26005,1.212269425
6/30/23 21:00,26005,1.244294882
6/30/23 22:00,26005,1.286334038
6/30/23 23:00,26005,1.330945492
7/1/23 0:00,26005,1.348545909
6/30/23 1:00,26007,-0.050649423
6/30/23 2:00,26007,-0.062113132
6/30/23 3:00,26007,-0.068861865
6/30/23 4:00,26007,-0.072065592
6/30/23 5:00,26007,-0.072890356
6/30/23 6:00,26007,-0.07249558
6/30/23 7:00,26007,-0.071463093
6/30/23 8:00,26007,-0.070142731
6/30/23 9:00,26007,-0.068635277
6/30/23 10:00,26007,-0.067793414
6/30/23 11:00,26007,-0.066847466
6/30/23 12:00,26007,-0.065914512
6/30/23 13:00,26007,-0.065003283
6/30/23 14:00,26007,-0.064458199
6/30/23 15:00,26007,-0.063711107
6/30/23 16:00,26007,-0.063435897
6/30/23 17:00,26007,-0.063508458
6/30/23 18:00,26007,-0.063410722
6/30/23 19:00,26007,-0.062912233
6/30/23 20:00,26007,-0.0630055
6/30/23 21:00,26007,-0.062871501
6/30/23 22:00,26007,-0.062655814
6/30/23 23:00,26007,-0.062199481
7/1/23 0:00,26007,-0.062264301
6/30/23 1:00,26009,0.038512919
6/30/23 2:00,26009,0.098895162
6/30/23 3:00,26009,0.161426678
6/30/23 4:00,26009,0.221526727
6/30/23 5:00,26009,0.269233435
6/30/23 6:00,26009,0.307540387
6/30/23 7:00,26009,0.334926128
6/30/23 8:00,26009,0.350825101
6/30/23 9:00,26009,0.362546682
6/30/23 10:00,26009,0.372809976
6/30/23 11:00,26009,0.384041309
6/30/23 12:00,26009,0.38902092
6/30/23 13:00,26009,0.390736848
6/30/23 14:00,26009,0.390835762
6/30/23 15:00,26009,0.390197009
6/30/23 16:00,26009,0.389315665
6/30/23 17:00,26009,0.388454914
6/30/23 18:00,26009,0.387727737
6/30/23 19:00,26009,0.387168139
6/30/23 20:00,26009,0.386766344
6/30/23 21:00,26009,0.386492521
6/30/23 22:00,26009,0.386317521
6/30/23 23:00,26009,0.386216164
7/1/23 0:00,26009,0.386170655
6/30/23 1:00,26011,0.554820895
6/30/23 2:00,26011,0.857370615
6/30/23 3:00,26011,1.042035341
6/30/23 4:00,26011,1.16221714
6/30/23 5:00,26011,1.215770006
6/30/23 6:00,26011,1.221489549
6/30/23 7:00,26011,1.209877849
6/30/23 8:00,26011,1.177178144
6/30/23 9:00,26011,1.141395807
6/30/23 10:00,26011,1.107851386
6/30/23 11:00,26011,1.084682107
6/30/23 12:00,26011,1.072373867
6/30/23 13:00,26011,1.062450767
6/30/23 14:00,26011,1.057207227
6/30/23 15:00,26011,1.055299044
6/30/23 16:00,26011,1.055549741
6/30/23 17:00,26011,1.05703938
6/30/23 18:00,26011,1.059041739
6/30/23 19:00,26011,1.061052799
6/30/23 20:00,26011,1.062813878
6/30/23 21:00,26011,1.064170361
6/30/23 22:00,26011,1.065096855
6/30/23 23:00,26011,1.065635562
7/1/23 0:00,26011,1.065882206
6/30/23 1:00,26013,0.017486526
6/30/23 2:00,26013,-0.004654162
6/30/23 3:00,26013,-0.015110702
6/30/23 4:00,26013,-0.022282764
6/30/23 5:00,26013,-0.023499411
6/30/23 6:00,26013,-0.023684165
6/30/23 7:00,26013,-0.024937527
6/30/23 8:00,26013,-0.024479901
6/30/23 9:00,26013,-0.023192909
6/30/23 10:00,26013,-0.020587208
6/30/23 11:00,26013,-0.019989207
6/30/23 12:00,26013,-0.0170024
6/30/23 13:00,26013,-0.013752618
6/30/23 14:00,26013,-0.011909342
6/30/23 15:00,26013,-0.009441143
6/30/23 16:00,26013,-0.006895678
6/30/23 17:00,26013,-0.004980247
6/30/23 18:00,26013,-0.003456034
6/30/23 19:00,26013,-0.001591155
6/30/23 20:00,26013,-0.000484019
6/30/23 21:00,26013,0.000425911
6/30/23 22:00,26013,0.000575544
6/30/23 23:00,26013,0.000606408
7/1/23 0:00,26013,0.000128455
6/30/23 1:00,26015,0.329795212
6/30/23 2:00,26015,0.18753919
6/30/23 3:00,26015,0.080121696
6/30/23 4:00,26015,-0.007133455
6/30/23 5:00,26015,-0.081550494
6/30/23 6:00,26015,-0.142854065
6/30/23 7:00,26015,-0.195377454
6/30/23 8:00,26015,-0.24288106
6/30/23 9:00,26015,-0.282612592
6/30/23 10:00,26015,-0.299222499
6/30/23 11:00,26015,-0.313742518
6/30/23 12:00,26015,-0.320664138
6/30/23 13:00,26015,-0.324262112
6/30/23 14:00,26015,-0.325965822
6/30/23 15:00,26015,-0.326633006
6/30/23 16:00,26015,-0.326775134
6/30/23 17:00,26015,-0.326683551
6/30/23 18:00,26015,-0.326514423
6/30/23 19:00,26015,-0.326345652
6/30/23 20:00,26015,-0.326207906
6/30/23 21:00,26015,-0.326106608
6/30/23 22:00,26015,-0.326038122
6/30/23 23:00,26015,-0.325994045
7/1/23 0:00,26015,-0.32596761
6/30/23 1:00,26017,-0.171283066
6/30/23 2:00,26017,-0.05217709
6/30/23 3:00,26017,0.159904018
6/30/23 4:00,26017,0.357164681
6/30/23 5:00,26017,0.517811298
6/30/23 6:00,26017,0.639680207
6/30/23 7:00,26017,0.727220833
6/30/23 8:00,26017,0.788335085
6/30/23 9:00,26017,0.829061627
6/30/23 10:00,26017,0.852951825
6/30/23 11:00,26017,0.862269878
6/30/23 12:00,26017,0.868363082
6/30/23 13:00,26017,0.87281239
6/30/23 14:00,26017,0.855873525
6/30/23 15:00,26017,0.83843267
6/30/23 16:00,26017,0.814197361
6/30/23 17:00,26017,0.784456432
6/30/23 18:00,26017,0.747929215
6/30/23 19:00,26017,0.700835824
6/30/23 20:00,26017,0.655717373
6/30/23 21:00,26017,0.597439289
6/30/23 22:00,26017,0.54896462
6/30/23 23:00,26017,0.505510151
7/1/23 0:00,26017,0.466909915
6/30/23 1:00,26019,1.529682517
6/30/23 2:00,26019,0.838456154
6/30/23 3:00,26019,0.411832303
6/30/23 4:00,26019,0.188648507
6/30/23 5:00,26019,0.098683462
6/30/23 6:00,26019,0.085727587
6/30/23 7:00,26019,0.110429473
6/30/23 8:00,26019,0.150497347
6/30/23 9:00,26019,0.190779492
6/30/23 10:00,26019,0.228515714
6/30/23 11:00,26019,0.263677001
6/30/23 12:00,26019,0.293506026
6/30/23 13:00,26019,0.315427482
6/30/23 14:00,26019,0.330876499
6/30/23 15:00,26019,0.341174692
6/30/23 16:00,26019,0.349111825
6/30/23 17:00,26019,0.354296952
6/30/23 18:00,26019,0.35753414
6/30/23 19:00,26019,0.360872239
6/30/23 20:00,26019,0.364595592
6/30/23 21:00,26019,0.368623048
6/30/23 22:00,26019,0.37242642
6/30/23 23:00,26019,0.375632554
7/1/23 0:00,26019,0.379211456
6/30/23 1:00,26021,2.273275614
6/30/23 2:00,26021,2.847110271
6/30/23 3:00,26021,3.403680563
6/30/23 4:00,26021,3.752548933
6/30/23 5:00,26021,3.954256773
6/30/23 6:00,26021,4.061645508
6/30/23 7:00,26021,4.095029354
6/30/23 8:00,26021,4.107156754
6/30/23 9:00,26021,4.111803532
6/30/23 10:00,26021,4.109671116
6/30/23 11:00,26021,4.106715679
6/30/23 12:00,26021,4.097523689
6/30/23 13:00,26021,4.090292454
6/30/23 14:00,26021,4.084517956
6/30/23 15:00,26021,4.080320358
6/30/23 16:00,26021,4.077506542
6/30/23 17:00,26021,4.075744629
6/30/23 18:00,26021,4.074721813
6/30/23 19:00,26021,4.074177742
6/30/23 20:00,26021,4.073924541
6/30/23 21:00,26021,4.073837757
6/30/23 22:00,26021,4.073837757
6/30/23 23:00,26021,4.073876381
7/1/23 0:00,26021,4.073926926
6/30/23 1:00,26023,0.138994113
6/30/23 2:00,26023,0.127025366
6/30/23 3:00,26023,0.132816344
6/30/23 4:00,26023,0.141237617
6/30/23 5:00,26023,0.1424786
6/30/23 6:00,26023,0.133055553
6/30/23 7:00,26023,0.111216582
6/30/23 8:00,26023,0.084358223
6/30/23 9:00,26023,0.059469409
6/30/23 10:00,26023,0.04418109
6/30/23 11:00,26023,0.033252608
6/30/23 12:00,26023,0.025341943
6/30/23 13:00,26023,0.023265021
6/30/23 14:00,26023,0.023226663
6/30/23 15:00,26023,0.023887835
6/30/23 16:00,26023,0.024615355
6/30/23 17:00,26023,0.025161522
6/30/23 18:00,26023,0.025490588
6/30/23 19:00,26023,0.025647238
6/30/23 20:00,26023,0.025695151
6/30/23 21:00,26023,0.025688449
6/30/23 22:00,26023,0.025662443
6/30/23 23:00,26023,0.025635198
7/1/23 0:00,26023,0.025614653
6/30/23 1:00,26025,0.914191008
6/30/23 2:00,26025,1.304672241
6/30/23 3:00,26025,1.531649709
6/30/23 4:00,26025,1.657509923
6/30/23 5:00,26025,1.730121136
6/30/23 6:00,26025,1.773765445
6/30/23 7:00,26025,1.801233649
6/30/23 8:00,26025,1.820121169
6/30/23 9:00,26025,1.833405256
6/30/23 10:00,26025,1.842220664
6/30/23 11:00,26025,1.847584963
6/30/23 12:00,26025,1.84858644
6/30/23 13:00,26025,1.845917702
6/30/23 14:00,26025,1.842868686
6/30/23 15:00,26025,1.840136409
6/30/23 16:00,26025,1.838032365
6/30/23 17:00,26025,1.836560011
6/30/23 18:00,26025,1.835610032
6/30/23 19:00,26025,1.835047603
6/30/23 20:00,26025,1.83475256
6/30/23 21:00,26025,1.834629536
6/30/23 22:00,26025,1.834610939
6/30/23 23:00,26025,1.834648848
7/1/23 0:00,26025,1.834712386
6/30/23 1:00,26027,0.869387388
6/30/23 2:00,26027,0.810884416
6/30/23 3:00,26027,0.538668334
6/30/23 4:00,26027,0.385547668
6/30/23 5:00,26027,0.291624755
6/30/23 6:00,26027,0.261793345
6/30/23 7:00,26027,0.280643344
6/30/23 8:00,26027,0.328907758
6/30/23 9:00,26027,0.391665637
6/30/23 10:00,26027,0.457778156
6/30/23 11:00,26027,0.519869804
6/30/23 12:00,26027,0.574200809
6/30/23 13:00,26027,0.619118035
6/30/23 14:00,26027,0.654092908
6/30/23 15:00,26027,0.680932939
6/30/23 16:00,26027,0.701007664
6/30/23 17:00,26027,0.714880526
6/30/23 18:00,26027,0.723556399
6/30/23 19:00,26027,0.727750659
6/30/23 20:00,26027,0.728718221
6/30/23 21:00,26027,0.727630556
6/30/23 22:00,26027,0.724357724
6/30/23 23:00,26027,0.722132444
7/1/23 0:00,26027,0.721796989
6/30/23 1:00,26029,0.058366302
6/30/23 2:00,26029,0.091305874
6/30/23 3:00,26029,0.119864754
6/30/23 4:00,26029,0.131787196
6/30/23 5:00,26029,0.130589083
6/30/23 6:00,26029,0.121521205
6/30/23 7:00,26029,0.109060735
6/30/23 8:00,26029,0.095315084
6/30/23 9:00,26029,0.081247941
6/30/23 10:00,26029,0.0683676
6/30/23 11:00,26029,0.057205662
6/30/23 12:00,26029,0.047425177
6/30/23 13:00,26029,0.039843101
6/30/23 14:00,26029,0.034593496
6/30/23 15:00,26029,0.03063952
6/30/23 16:00,26029,0.02787102
6/30/23 17:00,26029,0.024230093
6/30/23 18:00,26029,0.023851331
6/30/23 19:00,26029,0.022157887
6/30/23 20:00,26029,0.021852123
6/30/23 21:00,26029,0.020013846
6/30/23 22:00,26029,0.017522765
6/30/23 23:00,26029,0.015288626
7/1/23 0:00,26029,0.010936282
6/30/23 1:00,26031,0.253057122
6/30/23 2:00,26031,0.279877424
6/30/23 3:00,26031,0.283887058
6/30/23 4:00,26031,0.276007056
6/30/23 5:00,26031,0.266137421
6/30/23 6:00,26031,0.25881812
6/30/23 7:00,26031,0.255542934
6/30/23 8:00,26031,0.255265206
6/30/23 9:00,26031,0.256858766
6/30/23 10:00,26031,0.260908455
6/30/23 11:00,26031,0.265667737
6/30/23 12:00,26031,0.270281911
6/30/23 13:00,26031,0.273964375
6/30/23 14:00,26031,0.27796036
6/30/23 15:00,26031,0.28102994
6/30/23 16:00,26031,0.283422112
6/30/23 17:00,26031,0.285691112
6/30/23 18:00,26031,0.287479103
6/30/23 19:00,26031,0.288759798
6/30/23 20:00,26031,0.288790762
6/30/23 21:00,26031,0.288649648
6/30/23 22:00,26031,0.288243026
6/30/23 23:00,26031,0.28805986
7/1/23 0:00,26031,0.288938016
6/30/23 1:00,26033,-0.127124995
6/30/23 2:00,26033,-0.097258233
6/30/23 3:00,26033,-0.071462609
6/30/23 4:00,26033,-0.053291626
6/30/23 5:00,26033,-0.040910672
6/30/23 6:00,26033,-0.032917153
6/30/23 7:00,26033,-0.027917722
6/30/23 8:00,26033,-0.024504693
6/30/23 9:00,26033,-0.022280168
6/30/23 10:00,26033,-0.020556083
6/30/23 11:00,26033,-0.018818472
6/30/23 12:00,26033,-0.017263511
6/30/23 13:00,26033,-0.015838951
6/30/23 14:00,26033,-0.01478605
6/30/23 15:00,26033,-0.01420596
6/30/23 16:00,26033,-0.013421717
6/30/23 17:00,26033,-0.012214603
6/30/23 18:00,26033,-0.011336376
6/30/23 19:00,26033,-0.010561728
6/30/23 20:00,26033,-0.009755406
6/30/23 21:00,26033,-0.009156473
6/30/23 22:00,26033,-0.008927119
6/30/23 23:00,26033,-0.008345179
7/1/23 0:00,26033,-0.008184031
6/30/23 1:00,26035,1.716319561
6/30/23 2:00,26035,0.719861031
6/30/23 3:00,26035,0.411230296
6/30/23 4:00,26035,0.38444826
6/30/23 5:00,26035,0.438571781
6/30/23 6:00,26035,0.492550433
6/30/23 7:00,26035,0.525077283
6/30/23 8:00,26035,0.535996854
6/30/23 9:00,26035,0.540820479
6/30/23 10:00,26035,0.5460186
6/30/23 11:00,26035,0.543108761
6/30/23 12:00,26035,0.529697359
6/30/23 13:00,26035,0.523143172
6/30/23 14:00,26035,0.52051115
6/30/23 15:00,26035,0.519918978
6/30/23 16:00,26035,0.520198047
6/30/23 17:00,26035,0.520686328
6/30/23 18:00,26035,0.521105528
6/30/23 19:00,26035,0.521383762
6/30/23 20:00,26035,0.521535814
6/30/23 21:00,26035,0.521605313
6/30/23 22:00,26035,0.521629989
6/30/23 23:00,26035,0.521630645
7/1/23 0:00,26035,0.521618307
6/30/23 1:00,26037,0.453905016
6/30/23 2:00,26037,0.359682411
6/30/23 3:00,26037,0.355717987
6/30/23 4:00,26037,0.428349614
6/30/23 5:00,26037,0.544109285
6/30/23 6:00,26037,0.676353216
6/30/23 7:00,26037,0.808705866
6/30/23 8:00,26037,0.932614446
6/30/23 9:00,26037,1.042694926
6/30/23 10:00,26037,1.136324883
6/30/23 11:00,26037,1.212374091
6/30/23 12:00,26037,1.266503692
6/30/23 13:00,26037,1.30933857
6/30/23 14:00,26037,1.345951676
6/30/23 15:00,26037,1.37626493
6/30/23 16:00,26037,1.400967836
6/30/23 17:00,26037,1.423284769
6/30/23 18:00,26037,1.444379926
6/30/23 19:00,26037,1.455672383
6/30/23 20:00,26037,1.462085724
6/30/23 21:00,26037,1.464110017
6/30/23 22:00,26037,1.464213014
6/30/23 23:00,26037,1.46422267
7/1/23 0:00,26037,1.46108067
6/30/23 1:00,26039,0.244047776
6/30/23 2:00,26039,0.237554982
6/30/23 3:00,26039,0.225729987
6/30/23 4:00,26039,0.208531514
6/30/23 5:00,26039,0.188966602
6/30/23 6:00,26039,0.16842711
6/30/23 7:00,26039,0.151113972
6/30/23 8:00,26039,0.136253804
6/30/23 9:00,26039,0.125097811
6/30/23 10:00,26039,0.116579071
6/30/23 11:00,26039,0.111522526
6/30/23 12:00,26039,0.105019361
6/30/23 13:00,26039,0.103768259
6/30/23 14:00,26039,0.103800602
6/30/23 15:00,26039,0.104549989
6/30/23 16:00,26039,0.105563566
6/30/23 17:00,26039,0.106550351
6/30/23 18:00,26039,0.107364424
6/30/23 19:00,26039,0.107955813
6/30/23 20:00,26039,0.108335033
6/30/23 21:00,26039,0.108540691
6/30/23 22:00,26039,0.108622037
6/30/23 23:00,26039,0.108623728
7/1/23 0:00,26039,0.108583659
6/30/23 1:00,26041,0.284566522
6/30/23 2:00,26041,0.292834818
6/30/23 3:00,26041,0.318743736
6/30/23 4:00,26041,0.338558912
6/30/23 5:00,26041,0.350605637
6/30/23 6:00,26041,0.356327802
6/30/23 7:00,26041,0.357592106
6/30/23 8:00,26041,0.356228709
6/30/23 9:00,26041,0.353284955
6/30/23 10:00,26041,0.349696636
6/30/23 11:00,26041,0.345933914
6/30/23 12:00,26041,0.341965854
6/30/23 13:00,26041,0.338652998
6/30/23 14:00,26041,0.335895866
6/30/23 15:00,26041,0.333785206
6/30/23 16:00,26041,0.332322598
6/30/23 17:00,26041,0.331316352
6/30/23 18:00,26041,0.330876768
6/30/23 19:00,26041,0.330559015
6/30/23 20:00,26041,0.33063224
6/30/23 21:00,26041,0.330879927
6/30/23 22:00,26041,0.331291169
6/30/23 23:00,26041,0.331616491
7/1/23 0:00,26041,0.33182168
6/30/23 1:00,26043,2.566125154
6/30/23 2:00,26043,1.817898393
6/30/23 3:00,26043,1.348901629
6/30/23 4:00,26043,1.084088206
6/30/23 5:00,26043,0.955771089
6/30/23 6:00,26043,0.910358489
6/30/23 7:00,26043,0.911169291
6/30/23 8:00,26043,0.932496727
6/30/23 9:00,26043,0.960105002
6/30/23 10:00,26043,0.985392213
6/30/23 11:00,26043,1.007229209
6/30/23 12:00,26043,1.022622228
6/30/23 13:00,26043,1.033797383
6/30/23 14:00,26043,1.041712523
6/30/23 15:00,26043,1.046576381
6/30/23 16:00,26043,1.049945712
6/30/23 17:00,26043,1.053150177
6/30/23 18:00,26043,1.054647326
6/30/23 19:00,26043,1.056955457
6/30/23 20:00,26043,1.059313893
6/30/23 21:00,26043,1.061268449
6/30/23 22:00,26043,1.06274724
6/30/23 23:00,26043,1.063901305
7/1/23 0:00,26043,1.064708829
6/30/23 1:00,26045,0.847593069
6/30/23 2:00,26045,1.332249522
6/30/23 3:00,26045,1.682593346
6/30/23 4:00,26045,2.011723757
6/30/23 5:00,26045,2.325332403
6/30/23 6:00,26045,2.618222475
6/30/23 7:00,26045,2.874963284
6/30/23 8:00,26045,3.083562613
6/30/23 9:00,26045,3.250865459
6/30/23 10:00,26045,3.381071329
6/30/23 11:00,26045,3.483020544
6/30/23 12:00,26045,3.5629704
6/30/23 13:00,26045,3.625008583
6/30/23 14:00,26045,3.65777564
6/30/23 15:00,26045,3.720559597
6/30/23 16:00,26045,3.729240894
6/30/23 17:00,26045,3.698246479
6/30/23 18:00,26045,3.68290925
6/30/23 19:00,26045,3.676658869
6/30/23 20:00,26045,3.617051125
6/30/23 21:00,26045,3.537231207
6/30/23 22:00,26045,3.463626862
6/30/23 23:00,26045,3.414381981
7/1/23 0:00,26045,3.3590343
6/30/23 1:00,26047,0.036864027
6/30/23 2:00,26047,0.075006604
6/30/23 3:00,26047,0.102445044
6/30/23 4:00,26047,0.124667145
6/30/23 5:00,26047,0.144627556
6/30/23 6:00,26047,0.15913868
6/30/23 7:00,26047,0.168109208
6/30/23 8:00,26047,0.169938982
6/30/23 9:00,26047,0.170002297
6/30/23 10:00,26047,0.170649961
6/30/23 11:00,26047,0.169443235
6/30/23 12:00,26047,0.171851739
6/30/23 13:00,26047,0.171612814
6/30/23 14:00,26047,0.171324492
6/30/23 15:00,26047,0.171051309
6/30/23 16:00,26047,0.170846537
6/30/23 17:00,26047,0.17071785
6/30/23 18:00,26047,0.170651928
6/30/23 19:00,26047,0.170627072
6/30/23 20:00,26047,0.170624867
6/30/23 21:00,26047,0.170630649
6/30/23 22:00,26047,0.17063804
6/30/23 23:00,26047,0.170644671
7/1/23 0:00,26047,0.170648813
6/30/23 1:00,26049,4.779349327
6/30/23 2:00,26049,4.805514812
6/30/23 3:00,26049,4.729113579
6/30/23 4:00,26049,4.569573879
6/30/23 5:00,26049,4.388101101
6/30/23 6:00,26049,4.216436863
6/30/23 7:00,26049,4.068606377
6/30/23 8:00,26049,3.947781324
6/30/23 9:00,26049,3.852101803
6/30/23 10:00,26049,3.778447628
6/30/23 11:00,26049,3.72209096
6/30/23 12:00,26049,3.680338383
6/30/23 13:00,26049,3.650688887
6/30/23 14:00,26049,3.629640341
6/30/23 15:00,26049,3.614802122
6/30/23 16:00,26049,3.604821444
6/30/23 17:00,26049,3.59752059
6/30/23 18:00,26049,3.591084719
6/30/23 19:00,26049,3.585962057
6/30/23 20:00,26049,3.583176374
6/30/23 21:00,26049,3.579677343
6/30/23 22:00,26049,3.577517509
6/30/23 23:00,26049,3.574823618
7/1/23 0:00,26049,3.571973324
6/30/23 1:00,26051,0.055579029
6/30/23 2:00,26051,0.084677584
6/30/23 3:00,26051,0.011688789
6/30/23 4:00,26051,0.024261393
6/30/23 5:00,26051,0.04167252
6/30/23 6:00,26051,0.06231397
6/30/23 7:00,26051,0.071865641
6/30/23 8:00,26051,0.072092988
6/30/23 9:00,26051,0.078783825
6/30/23 10:00,26051,0.08658912
6/30/23 11:00,26051,0.081949353
6/30/23 12:00,26051,0.052386843
6/30/23 13:00,26051,0.048682611
6/30/23 14:00,26051,0.048487261
6/30/23 15:00,26051,0.048286572
6/30/23 16:00,26051,0.048237577
6/30/23 17:00,26051,0.048214048
6/30/23 18:00,26051,0.048224904
6/30/23 19:00,26051,0.048259858
6/30/23 20:00,26051,0.048305895
6/30/23 21:00,26051,0.048354547
6/30/23 22:00,26051,0.048417352
6/30/23 23:00,26051,0.04849181
7/1/23 0:00,26051,0.048549443
6/30/23 1:00,26053,1.137419939
6/30/23 2:00,26053,1.081561804
6/30/23 3:00,26053,0.996462762
6/30/23 4:00,26053,0.906916261
6/30/23 5:00,26053,0.824299693
6/30/23 6:00,26053,0.756360114
6/30/23 7:00,26053,0.706577539
6/30/23 8:00,26053,0.673008382
6/30/23 9:00,26053,0.651664615
6/30/23 10:00,26053,0.638266146
6/30/23 11:00,26053,0.631548345
6/30/23 12:00,26053,0.627200782
6/30/23 13:00,26053,0.626621425
6/30/23 14:00,26053,0.627379954
6/30/23 15:00,26053,0.62880224
6/30/23 16:00,26053,0.630380273
6/30/23 17:00,26053,0.631835163
6/30/23 18:00,26053,0.633037865
6/30/23 19:00,26053,0.633954108
6/30/23 20:00,26053,0.634605348
6/30/23 21:00,26053,0.635037124
6/30/23 22:00,26053,0.63530153
6/30/23 23:00,26053,0.635445833
7/1/23 0:00,26053,0.635510206
6/30/23 1:00,26055,2.162480116
6/30/23 2:00,26055,2.603813171
6/30/23 3:00,26055,2.863355875
6/30/23 4:00,26055,3.012802839
6/30/23 5:00,26055,3.093292952
6/30/23 6:00,26055,3.134798765
6/30/23 7:00,26055,3.153735399
6/30/23 8:00,26055,3.163419485
6/30/23 9:00,26055,3.163324594
6/30/23 10:00,26055,3.159976721
6/30/23 11:00,26055,3.15533042
6/30/23 12:00,26055,3.149312973
6/30/23 13:00,26055,3.14262414
6/30/23 14:00,26055,3.137328625
6/30/23 15:00,26055,3.133574963
6/30/23 16:00,26055,3.131169319
6/30/23 17:00,26055,3.129781961
6/30/23 18:00,26055,3.129096985
6/30/23 19:00,26055,3.128856897
6/30/23 20:00,26055,3.128872871
6/30/23 21:00,26055,3.129017353
6/30/23 22:00,26055,3.129207611
6/30/23 23:00,26055,3.129395485
7/1/23 0:00,26055,3.129557371
6/30/23 1:00,26057,0.099452056
6/30/23 2:00,26057,0.620163143
6/30/23 3:00,26057,1.070934534
6/30/23 4:00,26057,1.398049474
6/30/23 5:00,26057,1.568537593
6/30/23 6:00,26057,1.646729946
6/30/23 7:00,26057,1.699100018
6/30/23 8:00,26057,1.742200613
6/30/23 9:00,26057,1.785542488
6/30/23 10:00,26057,1.802454829
6/30/23 11:00,26057,1.79392457
6/30/23 12:00,26057,1.767462015
6/30/23 13:00,26057,1.744904399
6/30/23 14:00,26057,1.730006218
6/30/23 15:00,26057,1.725085258
6/30/23 16:00,26057,1.726133585
6/30/23 17:00,26057,1.727967978
6/30/23 18:00,26057,1.728136301
6/30/23 19:00,26057,1.726733208
6/30/23 20:00,26057,1.724926114
6/30/23 21:00,26057,1.723616004
6/30/23 22:00,26057,1.722990274
6/30/23 23:00,26057,1.722769737
7/1/23 0:00,26057,1.722640395
6/30/23 1:00,26059,0.15443565
6/30/23 2:00,26059,-0.128118128
6/30/23 3:00,26059,-0.170060307
6/30/23 4:00,26059,-0.086772695
6/30/23 5:00,26059,0.01027909
6/30/23 6:00,26059,0.093323179
6/30/23 7:00,26059,0.141871229
6/30/23 8:00,26059,0.171955943
6/30/23 9:00,26059,0.186365113
6/30/23 10:00,26059,0.189970642
6/30/23 11:00,26059,0.188979283
6/30/23 12:00,26059,0.184133023
6/30/23 13:00,26059,0.178954482
6/30/23 14:00,26059,0.174374744
6/30/23 15:00,26059,0.170944348
6/30/23 16:00,26059,0.168797523
6/30/23 17:00,26059,0.167765573
6/30/23 18:00,26059,0.167527661
6/30/23 19:00,26059,0.167752162
6/30/23 20:00,26059,0.168167636
6/30/23 21:00,26059,0.168596819
6/30/23 22:00,26059,0.168946072
6/30/23 23:00,26059,0.169183686
7/1/23 0:00,26059,0.16931662
6/30/23 1:00,26061,2.180754662
6/30/23 2:00,26061,2.211668491
6/30/23 3:00,26061,2.225693464
6/30/23 4:00,26061,2.23035264
6/30/23 5:00,26061,2.23069644
6/30/23 6:00,26061,2.229423761
6/30/23 7:00,26061,2.227726221
6/30/23 8:00,26061,2.226100922
6/30/23 9:00,26061,2.224793434
6/30/23 10:00,26061,2.22377491
6/30/23 11:00,26061,2.223010302
6/30/23 12:00,26061,2.222458839
6/30/23 13:00,26061,2.222011089
6/30/23 14:00,26061,2.22171545
6/30/23 15:00,26061,2.221493483
6/30/23 16:00,26061,2.221342564
6/30/23 17:00,26061,2.221270323
6/30/23 18:00,26061,2.221158028
6/30/23 19:00,26061,2.221122026
6/30/23 20:00,26061,2.221131802
6/30/23 21:00,26061,2.221107483
6/30/23 22:00,26061,2.221075058
6/30/23 23:00,26061,2.221119642
7/1/23 0:00,26061,2.221242905
6/30/23 1:00,26063,0.132193431
6/30/23 2:00,26063,0.296770453
6/30/23 3:00,26063,0.471030712
6/30/23 4:00,26063,0.611427426
6/30/23 5:00,26063,0.718783557
6/30/23 6:00,26063,0.797296464
6/30/23 7:00,26063,0.851797223
6/30/23 8:00,26063,0.886853039
6/30/23 9:00,26063,0.906640172
6/30/23 10:00,26063,0.914912999
6/30/23 11:00,26063,0.914928794
6/30/23 12:00,26063,0.909579754
6/30/23 13:00,26063,0.900100052
6/30/23 14:00,26063,0.888558745
6/30/23 15:00,26063,0.876543462
6/30/23 16:00,26063,0.86531055
6/30/23 17:00,26063,0.854837358
6/30/23 18:00,26063,0.846082211
6/30/23 19:00,26063,0.838089824
6/30/23 20:00,26063,0.830712259
6/30/23 21:00,26063,0.825270951
6/30/23 22:00,26063,0.821061611
6/30/23 23:00,26063,0.817425191
7/1/23 0:00,26063,0.815374076
6/30/23 1:00,26065,1.983463287
6/30/23 2:00,26065,2.60140276
6/30/23 3:00,26065,3.060641527
6/30/23 4:00,26065,3.287740231
6/30/23 5:00,26065,3.344412804
6/30/23 6:00,26065,3.310187578
6/30/23 7:00,26065,3.253198624
6/30/23 8:00,26065,3.206495047
6/30/23 9:00,26065,3.17295146
6/30/23 10:00,26065,3.153290272
6/30/23 11:00,26065,3.140520334
6/30/23 12:00,26065,3.138833284
6/30/23 13:00,26065,3.150927067
6/30/23 14:00,26065,3.150494814
6/30/23 15:00,26065,3.146109343
6/30/23 16:00,26065,3.149663687
6/30/23 17:00,26065,3.144229889
6/30/23 18:00,26065,3.131846428
6/30/23 19:00,26065,3.111277342
6/30/23 20:00,26065,3.097872972
6/30/23 21:00,26065,3.07474947
6/30/23 22:00,26065,3.045975924
6/30/23 23:00,26065,3.020059824
7/1/23 0:00,26065,2.994316578
6/30/23 1:00,26067,0.062367499
6/30/23 2:00,26067,0.037137143
6/30/23 3:00,26067,0.106377698
6/30/23 4:00,26067,0.164331108
6/30/23 5:00,26067,0.219128594
6/30/23 6:00,26067,0.270840228
6/30/23 7:00,26067,0.3157444
6/30/23 8:00,26067,0.352877617
6/30/23 9:00,26067,0.382836252
6/30/23 10:00,26067,0.406527191
6/30/23 11:00,26067,0.425302714
6/30/23 12:00,26067,0.440073967
6/30/23 13:00,26067,0.451497555
6/30/23 14:00,26067,0.460159212
6/30/23 15:00,26067,0.466665894
6/30/23 16:00,26067,0.471948653
6/30/23 17:00,26067,0.476030469
6/30/23 18:00,26067,0.479701698
6/30/23 19:00,26067,0.482193023
6/30/23 20:00,26067,0.483894497
6/30/23 21:00,26067,0.484988779
6/30/23 22:00,26067,0.485957086
6/30/23 23:00,26067,0.486602426
7/1/23 0:00,26067,0.487086087
6/30/23 1:00,26069,0.236597329
6/30/23 2:00,26069,0.124161988
6/30/23 3:00,26069,0.242019668
6/30/23 4:00,26069,0.313653529
6/30/23 5:00,26069,0.392363369
6/30/23 6:00,26069,0.469269156
6/30/23 7:00,26069,0.532625377
6/30/23 8:00,26069,0.574044526
6/30/23 9:00,26069,0.593926728
6/30/23 10:00,26069,0.60943377
6/30/23 11:00,26069,0.615159631
6/30/23 12:00,26069,0.623369217
6/30/23 13:00,26069,0.625358284
6/30/23 14:00,26069,0.623703301
6/30/23 15:00,26069,0.62054193
6/30/23 16:00,26069,0.617460072
6/30/23 17:00,26069,0.614964128
6/30/23 18:00,26069,0.613182604
6/30/23 19:00,26069,0.612068117
6/30/23 20:00,26069,0.611485124
6/30/23 21:00,26069,0.611267626
6/30/23 22:00,26069,0.611264944
6/30/23 23:00,26069,0.611371756
7/1/23 0:00,26069,0.611516237
6/30/23 1:00,26071,0.171714768
6/30/23 2:00,26071,0.205414891
6/30/23 3:00,26071,0.226999477
6/30/23 4:00,26071,0.238956481
6/30/23 5:00,26071,0.245378196
6/30/23 6:00,26071,0.248913109
6/30/23 7:00,26071,0.251086205
6/30/23 8:00,26071,0.25266996
6/30/23 9:00,26071,0.253927231
6/30/23 10:00,26071,0.255077749
6/30/23 11:00,26071,0.255993366
6/30/23 12:00,26071,0.256837398
6/30/23 13:00,26071,0.257534325
6/30/23 14:00,26071,0.25806728
6/30/23 15:00,26071,0.258495301
6/30/23 16:00,26071,0.258869559
6/30/23 17:00,26071,0.259171844
6/30/23 18:00,26071,0.259367138
6/30/23 19:00,26071,0.259574264
6/30/23 20:00,26071,0.259718001
6/30/23 21:00,26071,0.259851933
6/30/23 22:00,26071,0.259953707
6/30/23 23:00,26071,0.26003328
7/1/23 0:00,26071,0.260114431
6/30/23 1:00,26073,0.637537718
6/30/23 2:00,26073,0.726231277
6/30/23 3:00,26073,0.753001213
6/30/23 4:00,26073,0.740251124
6/30/23 5:00,26073,0.71398145
6/30/23 6:00,26073,0.688587129
6/30/23 7:00,26073,0.668995976
6/30/23 8:00,26073,0.655345023
6/30/23 9:00,26073,0.647075236
6/30/23 10:00,26073,0.641984046
6/30/23 11:00,26073,0.639667213
6/30/23 12:00,26073,0.637961209
6/30/23 13:00,26073,0.636868238
6/30/23 14:00,26073,0.634983718
6/30/23 15:00,26073,0.633565426
6/30/23 16:00,26073,0.632196963
6/30/23 17:00,26073,0.630336702
6/30/23 18:00,26073,0.628666759
6/30/23 19:00,26073,0.626560986
6/30/23 20:00,26073,0.624436855
6/30/23 21:00,26073,0.623483717
6/30/23 22:00,26073,0.621997237
6/30/23 23:00,26073,0.621209085
7/1/23 0:00,26073,0.620545089
6/30/23 1:00,26075,1.06111002
6/30/23 2:00,26075,1.357541323
6/30/23 3:00,26075,1.69558394
6/30/23 4:00,26075,1.995803237
6/30/23 5:00,26075,2.262812614
6/30/23 6:00,26075,2.502218485
6/30/23 7:00,26075,2.715944052
6/30/23 8:00,26075,2.907173634
6/30/23 9:00,26075,3.077023745
6/30/23 10:00,26075,3.228409052
6/30/23 11:00,26075,3.362089634
6/30/23 12:00,26075,3.480547667
6/30/23 13:00,26075,3.583191872
6/30/23 14:00,26075,3.6728158
6/30/23 15:00,26075,3.749533176
6/30/23 16:00,26075,3.815186024
6/30/23 17:00,26075,3.873889208
6/30/23 18:00,26075,3.922096014
6/30/23 19:00,26075,3.963743448
6/30/23 20:00,26075,4.002110958
6/30/23 21:00,26075,4.032795906
6/30/23 22:00,26075,4.055262566
6/30/23 23:00,26075,4.07587719
7/1/23 0:00,26075,4.09961319
6/30/23 1:00,26077,0.087758832
6/30/23 2:00,26077,0.517498732
6/30/23 3:00,26077,0.777085781
6/30/23 4:00,26077,0.957148433
6/30/23 5:00,26077,1.073672175
6/30/23 6:00,26077,1.144816399
6/30/23 7:00,26077,1.178173304
6/30/23 8:00,26077,1.189568043
6/30/23 9:00,26077,1.196869612
6/30/23 10:00,26077,1.201454997
6/30/23 11:00,26077,1.195140958
6/30/23 12:00,26077,1.18333292
6/30/23 13:00,26077,1.172041893
6/30/23 14:00,26077,1.163369894
6/30/23 15:00,26077,1.157870531
6/30/23 16:00,26077,1.155047536
6/30/23 17:00,26077,1.154096127
6/30/23 18:00,26077,1.154264569
6/30/23 19:00,26077,1.154973984
6/30/23 20:00,26077,1.155833602
6/30/23 21:00,26077,1.156621337
6/30/23 22:00,26077,1.157245159
6/30/23 23:00,26077,1.157686949
7/1/23 0:00,26077,1.157958746
6/30/23 1:00,26079,0.310413897
6/30/23 2:00,26079,0.440510869
6/30/23 3:00,26079,0.480582058
6/30/23 4:00,26079,0.472554445
6/30/23 5:00,26079,0.444459885
6/30/23 6:00,26079,0.410762966
6/30/23 7:00,26079,0.37795043
6/30/23 8:00,26079,0.349084467
6/30/23 9:00,26079,0.324472398
6/30/23 10:00,26079,0.304179043
6/30/23 11:00,26079,0.287917107
6/30/23 12:00,26079,0.274953544
6/30/23 13:00,26079,0.263802052
6/30/23 14:00,26079,0.25491935
6/30/23 15:00,26079,0.245953411
6/30/23 16:00,26079,0.240155056
6/30/23 17:00,26079,0.236264825
6/30/23 18:00,26079,0.232171044
6/30/23 19:00,26079,0.228527844
6/30/23 20:00,26079,0.226723954
6/30/23 21:00,26079,0.225448549
6/30/23 22:00,26079,0.225723013
6/30/23 23:00,26079,0.227224037
7/1/23 0:00,26079,0.228073865
6/30/23 1:00,26081,5.619186401
6/30/23 2:00,26081,5.499057293
6/30/23 3:00,26081,5.412312984
6/30/23 4:00,26081,5.340404034
6/30/23 5:00,26081,5.289368629
6/30/23 6:00,26081,5.23879528
6/30/23 7:00,26081,5.192761421
6/30/23 8:00,26081,5.159399986
6/30/23 9:00,26081,5.136038303
6/30/23 10:00,26081,5.106242657
6/30/23 11:00,26081,5.088964939
6/30/23 12:00,26081,5.07174015
6/30/23 13:00,26081,5.06244421
6/30/23 14:00,26081,5.057371616
6/30/23 15:00,26081,5.054732323
6/30/23 16:00,26081,5.053504467
6/30/23 17:00,26081,5.053067207
6/30/23 18:00,26081,5.053047657
6/30/23 19:00,26081,5.053220749
6/30/23 20:00,26081,5.053458214
6/30/23 21:00,26081,5.053694248
6/30/23 22:00,26081,5.053899288
6/30/23 23:00,26081,5.054060936
7/1/23 0:00,26081,5.054180622
6/30/23 1:00,26083,-0.057546575
6/30/23 2:00,26083,-0.001876292
6/30/23 3:00,26083,0.03554713
6/30/23 4:00,26083,0.057174612
6/30/23 5:00,26083,0.067657128
6/30/23 6:00,26083,0.071315691
6/30/23 7:00,26083,0.0712649
6/30/23 8:00,26083,0.069511972
6/30/23 9:00,26083,0.06727048
6/30/23 10:00,26083,0.065085441
6/30/23 11:00,26083,0.063294768
6/30/23 12:00,26083,0.061841585
6/30/23 13:00,26083,0.06074056
6/30/23 14:00,26083,0.05991685
6/30/23 15:00,26083,0.059339244
6/30/23 16:00,26083,0.058904454
6/30/23 17:00,26083,0.058576342
6/30/23 18:00,26083,0.058374085
6/30/23 19:00,26083,0.058201347
6/30/23 20:00,26083,0.058091737
6/30/23 21:00,26083,0.058019005
6/30/23 22:00,26083,0.057956666
6/30/23 23:00,26083,0.057911474
7/1/23 0:00,26083,0.05786448
6/30/23 1:00,26085,0.118939839
6/30/23 2:00,26085,0.203757405
6/30/23 3:00,26085,0.242909133
6/30/23 4:00,26085,0.253547907
6/30/23 5:00,26085,0.248289868
6/30/23 6:00,26085,0.235134274
6/30/23 7:00,26085,0.217906311
6/30/23 8:00,26085,0.199411184
6/30/23 9:00,26085,0.181505144
6/30/23 10:00,26085,0.166967556
6/30/23 11:00,26085,0.160268083
6/30/23 12:00,26085,0.156424969
6/30/23 13:00,26085,0.157631978
6/30/23 14:00,26085,0.159873962
6/30/23 15:00,26085,0.161989838
6/30/23 16:00,26085,0.163569435
6/30/23 17:00,26085,0.164557934
6/30/23 18:00,26085,0.165066913
6/30/23 19:00,26085,0.165251628
6/30/23 20:00,26085,0.165250883
6/30/23 21:00,26085,0.165164381
6/30/23 22:00,26085,0.165052906
6/30/23 23:00,26085,0.164949149
7/1/23 0:00,26085,0.164871529
6/30/23 1:00,26087,0.76938349
6/30/23 2:00,26087,0.858622909
6/30/23 3:00,26087,0.910581946
6/30/23 4:00,26087,0.951266944
6/30/23 5:00,26087,0.985114276
6/30/23 6:00,26087,1.015760541
6/30/23 7:00,26087,1.043924093
6/30/23 8:00,26087,1.069406033
6/30/23 9:00,26087,1.091608167
6/30/23 10:00,26087,1.11038065
6/30/23 11:00,26087,1.12764132
6/30/23 12:00,26087,1.144010067
6/30/23 13:00,26087,1.157935262
6/30/23 14:00,26087,1.170193195
6/30/23 15:00,26087,1.180958748
6/30/23 16:00,26087,1.190410852
6/30/23 17:00,26087,1.19871068
6/30/23 18:00,26087,1.205999255
6/30/23 19:00,26087,1.212401032
6/30/23 20:00,26087,1.218025446
6/30/23 21:00,26087,1.222968221
6/30/23 22:00,26087,1.227313161
6/30/23 23:00,26087,1.231132746
7/1/23 0:00,26087,1.234491348
6/30/23 1:00,26089,0.089394107
6/30/23 2:00,26089,0.124415606
6/30/23 3:00,26089,0.123978131
6/30/23 4:00,26089,0.103890479
6/30/23 5:00,26089,0.078635909
6/30/23 6:00,26089,0.054196149
6/30/23 7:00,26089,0.032733876
6/30/23 8:00,26089,0.01559463
6/30/23 9:00,26089,0.003397817
6/30/23 10:00,26089,-0.00469695
6/30/23 11:00,26089,-0.010362013
6/30/23 12:00,26089,-0.011328959
6/30/23 13:00,26089,-0.010505803
6/30/23 14:00,26089,-0.008785173
6/30/23 15:00,26089,-0.006803173
6/30/23 16:00,26089,-0.004982196
6/30/23 17:00,26089,-0.003530656
6/30/23 18:00,26089,-0.002503125
6/30/23 19:00,26089,-0.00186424
6/30/23 20:00,26089,-0.001537167
6/30/23 21:00,26089,-0.001433409
6/30/23 22:00,26089,-0.001470478
6/30/23 23:00,26089,-0.001582225
7/1/23 0:00,26089,-0.001722066
6/30/23 1:00,26091,0.504368842
6/30/23 2:00,26091,0.724522471
6/30/23 3:00,26091,0.794207335
6/30/23 4:00,26091,0.800997972
6/30/23 5:00,26091,0.784502923
6/30/23 6:00,26091,0.776916206
6/30/23 7:00,26091,0.785571694
6/30/23 8:00,26091,0.802687109
6/30/23 9:00,26091,0.815291643
6/30/23 10:00,26091,0.824967146
6/30/23 11:00,26091,0.827549875
6/30/23 12:00,26091,0.823500037
6/30/23 13:00,26091,0.820014775
6/30/23 14:00,26091,0.817736626
6/30/23 15:00,26091,0.816633701
6/30/23 16:00,26091,0.816302001
6/30/23 17:00,26091,0.816363394
6/30/23 18:00,26091,0.8165645
6/30/23 19:00,26091,0.816768408
6/30/23 20:00,26091,0.816918433
6/30/23 21:00,26091,0.817005217
6/30/23 22:00,26091,0.817042172
6/30/23 23:00,26091,0.817046583
7/1/23 0:00,26091,0.817035556
6/30/23 1:00,26093,3.911426783
6/30/23 2:00,26093,3.318765402
6/30/23 3:00,26093,2.854004145
6/30/23 4:00,26093,2.487226486
6/30/23 5:00,26093,2.198425055
6/30/23 6:00,26093,1.970342159
6/30/23 7:00,26093,1.789915442
6/30/23 8:00,26093,1.647232413
6/30/23 9:00,26093,1.535635233
6/30/23 10:00,26093,1.447841525
6/30/23 11:00,26093,1.378447056
6/30/23 12:00,26093,1.324292421
6/30/23 13:00,26093,1.284268975
6/30/23 14:00,26093,1.254520059
6/30/23 15:00,26093,1.232914567
6/30/23 16:00,26093,1.217414737
6/30/23 17:00,26093,1.204541802
6/30/23 18:00,26093,1.194544554
6/30/23 19:00,26093,1.186243057
6/30/23 20:00,26093,1.179069281
6/30/23 21:00,26093,1.175102711
6/30/23 22:00,26093,1.171632051
6/30/23 23:00,26093,1.168857098
7/1/23 0:00,26093,1.167644739
6/30/23 1:00,26095,0.092904627
6/30/23 2:00,26095,0.080837205
6/30/23 3:00,26095,0.070168711
6/30/23 4:00,26095,0.061950289
6/30/23 5:00,26095,0.055927031
6/30/23 6:00,26095,0.051716492
6/30/23 7:00,26095,0.048720967
6/30/23 8:00,26095,0.046539739
6/30/23 9:00,26095,0.045049146
6/30/23 10:00,26095,0.043929674
6/30/23 11:00,26095,0.043174531
6/30/23 12:00,26095,0.042509992
6/30/23 13:00,26095,0.041928396
6/30/23 14:00,26095,0.041487638
6/30/23 15:00,26095,0.041203916
6/30/23 16:00,26095,0.041081131
6/30/23 17:00,26095,0.041000064
6/30/23 18:00,26095,0.040953651
6/30/23 19:00,26095,0.040961146
6/30/23 20:00,26095,0.040936023
6/30/23 21:00,26095,0.040987652
6/30/23 22:00,26095,0.041081078
6/30/23 23:00,26095,0.041152913
7/1/23 0:00,26095,0.041188192
6/30/23 1:00,26097,0.142630562
6/30/23 2:00,26097,0.175362125
6/30/23 3:00,26097,0.19618392
6/30/23 4:00,26097,0.207738653
6/30/23 5:00,26097,0.213527635
6/30/23 6:00,26097,0.21610409
6/30/23 7:00,26097,0.216968879
6/30/23 8:00,26097,0.217041045
6/30/23 9:00,26097,0.216740668
6/30/23 10:00,26097,0.216292083
6/30/23 11:00,26097,0.215824693
6/30/23 12:00,26097,0.215381101
6/30/23 13:00,26097,0.215037391
6/30/23 14:00,26097,0.214727715
6/30/23 15:00,26097,0.214464173
6/30/23 16:00,26097,0.214237839
6/30/23 17:00,26097,0.214188918
6/30/23 18:00,26097,0.21409522
6/30/23 19:00,26097,0.214016065
6/30/23 20:00,26097,0.214040712
6/30/23 21:00,26097,0.213959634
6/30/23 22:00,26097,0.213917747
6/30/23 23:00,26097,0.213930368
7/1/23 0:00,26097,0.21390374
6/30/23 1:00,26099,2.846030474
6/30/23 2:00,26099,2.93206358
6/30/23 3:00,26099,2.989280462
6/30/23 4:00,26099,3.065336466
6/30/23 5:00,26099,3.16036582
6/30/23 6:00,26099,3.273124218
6/30/23 7:00,26099,3.401271582
6/30/23 8:00,26099,3.539789438
6/30/23 9:00,26099,3.686642647
6/30/23 10:00,26099,3.837258577
6/30/23 11:00,26099,3.990424871
6/30/23 12:00,26099,4.14127779
6/30/23 13:00,26099,4.290733337
6/30/23 14:00,26099,4.420562744
6/30/23 15:00,26099,4.54357481
6/30/23 16:00,26099,4.662530422
6/30/23 17:00,26099,4.766041279
6/30/23 18:00,26099,4.870051861
6/30/23 19:00,26099,4.967476368
6/30/23 20:00,26099,5.058408737
6/30/23 21:00,26099,5.142477512
6/30/23 22:00,26099,5.216269493
6/30/23 23:00,26099,5.279623032
7/1/23 0:00,26099,5.336705685
6/30/23 1:00,26101,0.693368971
6/30/23 2:00,26101,0.941809177
6/30/23 3:00,26101,1.073848009
6/30/23 4:00,26101,1.147985816
6/30/23 5:00,26101,1.190263748
6/30/23 6:00,26101,1.215556502
6/30/23 7:00,26101,1.230065107
6/30/23 8:00,26101,1.240116835
6/30/23 9:00,26101,1.247822523
6/30/23 10:00,26101,1.243012071
6/30/23 11:00,26101,1.220983863
6/30/23 12:00,26101,1.210252285
6/30/23 13:00,26101,1.199661255
6/30/23 14:00,26101,1.185451865
6/30/23 15:00,26101,1.174322128
6/30/23 16:00,26101,1.167184234
6/30/23 17:00,26101,1.158784151
6/30/23 18:00,26101,1.144993424
6/30/23 19:00,26101,1.132214069
6/30/23 20:00,26101,1.116193056
6/30/23 21:00,26101,1.097488284
6/30/23 22:00,26101,1.095095754
6/30/23 23:00,26101,1.085192323
7/1/23 0:00,26101,1.070643902
6/30/23 1:00,26103,0.505234003
6/30/23 2:00,26103,0.475711882
6/30/23 3:00,26103,0.457868069
6/30/23 4:00,26103,0.4451316
6/30/23 5:00,26103,0.434763908
6/30/23 6:00,26103,0.425513804
6/30/23 7:00,26103,0.417315662
6/30/23 8:00,26103,0.410042107
6/30/23 9:00,26103,0.403940499
6/30/23 10:00,26103,0.398906797
6/30/23 11:00,26103,0.395028681
6/30/23 12:00,26103,0.39182204
6/30/23 13:00,26103,0.389323205
6/30/23 14:00,26103,0.38739565
6/30/23 15:00,26103,0.385931104
6/30/23 16:00,26103,0.384845585
6/30/23 17:00,26103,0.383992165
6/30/23 18:00,26103,0.383389205
6/30/23 19:00,26103,0.382877678
6/30/23 20:00,26103,0.382525504
6/30/23 21:00,26103,0.382259518
6/30/23 22:00,26103,0.38203457
6/30/23 23:00,26103,0.381957084
7/1/23 0:00,26103,0.381862253
6/30/23 1:00,26105,0.252406895
6/30/23 2:00,26105,0.270953178
6/30/23 3:00,26105,0.287447512
6/30/23 4:00,26105,0.288815767
6/30/23 5:00,26105,0.284574181
6/30/23 6:00,26105,0.282408655
6/30/23 7:00,26105,0.283658594
6/30/23 8:00,26105,0.287654817
6/30/23 9:00,26105,0.292682528
6/30/23 10:00,26105,0.297523677
6/30/23 11:00,26105,0.302042991
6/30/23 12:00,26105,0.30555287
6/30/23 13:00,26105,0.308588713
6/30/23 14:00,26105,0.310425937
6/30/23 15:00,26105,0.311289847
6/30/23 16:00,26105,0.311690867
6/30/23 17:00,26105,0.312098414
6/30/23 18:00,26105,0.312019527
6/30/23 19:00,26105,0.311768562
6/30/23 20:00,26105,0.311637551
6/30/23 21:00,26105,0.311403006
6/30/23 22:00,26105,0.311426193
6/30/23 23:00,26105,0.311333328
7/1/23 0:00,26105,0.311334521
6/30/23 1:00,26107,3.512207508
6/30/23 2:00,26107,2.294219255
6/30/23 3:00,26107,1.572383761
6/30/23 4:00,26107,1.079557061
6/30/23 5:00,26107,0.783233523
6/30/23 6:00,26107,0.620068431
6/30/23 7:00,26107,0.544188797
6/30/23 8:00,26107,0.51533401
6/30/23 9:00,26107,0.502927721
6/30/23 10:00,26107,0.50608176
6/30/23 11:00,26107,0.527154326
6/30/23 12:00,26107,0.538322628
6/30/23 13:00,26107,0.54049176
6/30/23 14:00,26107,0.540311933
6/30/23 15:00,26107,0.539116561
6/30/23 16:00,26107,0.537670016
6/30/23 17:00,26107,0.5364604
6/30/23 18:00,26107,0.535634995
6/30/23 19:00,26107,0.535171688
6/30/23 20:00,26107,0.534974992
6/30/23 21:00,26107,0.53494066
6/30/23 22:00,26107,0.534991264
6/30/23 23:00,26107,0.535072684
7/1/23 0:00,26107,0.535141408
6/30/23 1:00,26109,0.659422815
6/30/23 2:00,26109,0.800916672
6/30/23 3:00,26109,0.933339834
6/30/23 4:00,26109,1.060025573
6/30/23 5:00,26109,1.161416769
6/30/23 6:00,26109,1.245746851
6/30/23 7:00,26109,1.309197664
6/30/23 8:00,26109,1.363145471
6/30/23 9:00,26109,1.401958823
6/30/23 10:00,26109,1.432388306
6/30/23 11:00,26109,1.450768352
6/30/23 12:00,26109,1.465239167
6/30/23 13:00,26109,1.477576494
6/30/23 14:00,26109,1.486651063
6/30/23 15:00,26109,1.493624806
6/30/23 16:00,26109,1.498983264
6/30/23 17:00,26109,1.503088474
6/30/23 18:00,26109,1.506235003
6/30/23 19:00,26109,1.508641243
6/30/23 20:00,26109,1.510483384
6/30/23 21:00,26109,1.51188767
6/30/23 22:00,26109,1.512959599
6/30/23 23:00,26109,1.513775826
7/1/23 0:00,26109,1.514400601
6/30/23 1:00,26111,1.478613734
6/30/23 2:00,26111,2.406581879
6/30/23 3:00,26111,3.010462523
6/30/23 4:00,26111,3.381448507
6/30/23 5:00,26111,3.591988802
6/30/23 6:00,26111,3.69376874
6/30/23 7:00,26111,3.716347456
6/30/23 8:00,26111,3.705049276
6/30/23 9:00,26111,3.670669079
6/30/23 10:00,26111,3.6317451
6/30/23 11:00,26111,3.596166849
6/30/23 12:00,26111,3.557676077
6/30/23 13:00,26111,3.523152828
6/30/23 14:00,26111,3.49659133
6/30/23 15:00,26111,3.477806091
6/30/23 16:00,26111,3.465609789
6/30/23 17:00,26111,3.458501339
6/30/23 18:00,26111,3.45503974
6/30/23 19:00,26111,3.454003572
6/30/23 20:00,26111,3.454413176
6/30/23 21:00,26111,3.455580235
6/30/23 22:00,26111,3.457029581
6/30/23 23:00,26111,3.458473921
7/1/23 0:00,26111,3.459766388
6/30/23 1:00,26113,0.072437055
6/30/23 2:00,26113,0.156933635
6/30/23 3:00,26113,0.261951983
6/30/23 4:00,26113,0.343148887
6/30/23 5:00,26113,0.38851729
6/30/23 6:00,26113,0.410845518
6/30/23 7:00,26113,0.419994563
6/30/23 8:00,26113,0.419672191
6/30/23 9:00,26113,0.418627799
6/30/23 10:00,26113,0.417255342
6/30/23 11:00,26113,0.414315969
6/30/23 12:00,26113,0.41448006
6/30/23 13:00,26113,0.413979858
6/30/23 14:00,26113,0.413178951
6/30/23 15:00,26113,0.412821591
6/30/23 16:00,26113,0.412655562
6/30/23 17:00,26113,0.412643641
6/30/23 18:00,26113,0.412699282
6/30/23 19:00,26113,0.412769943
6/30/23 20:00,26113,0.412828505
6/30/23 21:00,26113,0.41286695
6/30/23 22:00,26113,0.41288811
6/30/23 23:00,26113,0.412896425
7/1/23 0:00,26113,0.412897646
6/30/23 1:00,26115,0.563513875
6/30/23 2:00,26115,0.660195172
6/30/23 3:00,26115,0.843415558
6/30/23 4:00,26115,1.063240767
6/30/23 5:00,26115,1.293279052
6/30/23 6:00,26115,1.523333549
6/30/23 7:00,26115,1.750130653
6/30/23 8:00,26115,1.961835027
6/30/23 9:00,26115,2.158706427
6/30/23 10:00,26115,2.331219912
6/30/23 11:00,26115,2.484633446
6/30/23 12:00,26115,2.602044821
6/30/23 13:00,26115,2.695046902
6/30/23 14:00,26115,2.772260666
6/30/23 15:00,26115,2.837955236
6/30/23 16:00,26115,2.894676685
6/30/23 17:00,26115,2.944048166
6/30/23 18:00,26115,2.987183332
6/30/23 19:00,26115,3.02489686
6/30/23 20:00,26115,3.057807207
6/30/23 21:00,26115,3.086443663
6/30/23 22:00,26115,3.111259937
6/30/23 23:00,26115,3.132691383
7/1/23 0:00,26115,3.151122332
6/30/23 1:00,26117,6.351435661
6/30/23 2:00,26117,4.840829849
6/30/23 3:00,26117,3.780957222
6/30/23 4:00,26117,3.27631259
6/30/23 5:00,26117,3.071753979
6/30/23 6:00,26117,3.027086735
6/30/23 7:00,26117,3.070199013
6/30/23 8:00,26117,3.121980667
6/30/23 9:00,26117,3.163522005
6/30/23 10:00,26117,3.200542212
6/30/23 11:00,26117,3.21865797
6/30/23 12:00,26117,3.219822645
6/30/23 13:00,26117,3.227699757
6/30/23 14:00,26117,3.239243031
6/30/23 15:00,26117,3.249488831
6/30/23 16:00,26117,3.255585432
6/30/23 17:00,26117,3.257752419
6/30/23 18:00,26117,3.257325888
6/30/23 19:00,26117,3.255662441
6/30/23 20:00,26117,3.253767967
6/30/23 21:00,26117,3.25215745
6/30/23 22:00,26117,3.250987291
6/30/23 23:00,26117,3.250250816
7/1/23 0:00,26117,3.249843597
6/30/23 1:00,26119,0.067008048
6/30/23 2:00,26119,0.099331401
6/30/23 3:00,26119,0.090459488
6/30/23 4:00,26119,0.064426489
6/30/23 5:00,26119,0.041821759
6/30/23 6:00,26119,0.027501773
6/30/23 7:00,26119,0.017431671
6/30/23 8:00,26119,0.008646403
6/30/23 9:00,26119,0.00443483
6/30/23 10:00,26119,0.004268922
6/30/23 11:00,26119,0.003861962
6/30/23 12:00,26119,0.003543357
6/30/23 13:00,26119,0.003951638
6/30/23 14:00,26119,0.004286095
6/30/23 15:00,26119,0.00451215
6/30/23 16:00,26119,0.004643244
6/30/23 17:00,26119,0.004709141
6/30/23 18:00,26119,0.00473595
6/30/23 19:00,26119,0.004741079
6/30/23 20:00,26119,0.004736261
6/30/23 21:00,26119,0.004729501
6/30/23 22:00,26119,0.004724139
6/30/23 23:00,26119,0.004720176
7/1/23 0:00,26119,0.004717533
6/30/23 1:00,26121,0.482121021
6/30/23 2:00,26121,0.687048614
6/30/23 3:00,26121,0.8313995
6/30/23 4:00,26121,0.943049967
6/30/23 5:00,26121,1.01689589
6/30/23 6:00,26121,1.060869217
6/30/23 7:00,26121,1.083888769
6/30/23 8:00,26121,1.094447136
6/30/23 9:00,26121,1.096222043
6/30/23 10:00,26121,1.092246771
6/30/23 11:00,26121,1.089612365
6/30/23 12:00,26121,1.086377859
6/30/23 13:00,26121,1.081030726
6/30/23 14:00,26121,1.080140471
6/30/23 15:00,26121,1.080608606
6/30/23 16:00,26121,1.079856277
6/30/23 17:00,26121,1.081380963
6/30/23 18:00,26121,1.081296682
6/30/23 19:00,26121,1.080321789
6/30/23 20:00,26121,1.079572201
6/30/23 21:00,26121,1.07936573
6/30/23 22:00,26121,1.083191156
6/30/23 23:00,26121,1.088470459
7/1/23 0:00,26121,1.08808744
6/30/23 1:00,26123,3.837422609
6/30/23 2:00,26123,1.846003294
6/30/23 3:00,26123,1.162191749
6/30/23 4:00,26123,0.871656895
6/30/23 5:00,26123,0.742144644
6/30/23 6:00,26123,0.710254788
6/30/23 7:00,26123,0.743808389
6/30/23 8:00,26123,0.821325898
6/30/23 9:00,26123,0.921316087
6/30/23 10:00,26123,1.029299498
6/30/23 11:00,26123,1.135501742
6/30/23 12:00,26123,1.249770522
6/30/23 13:00,26123,1.355040312
6/30/23 14:00,26123,1.444061518
6/30/23 15:00,26123,1.526354313
6/30/23 16:00,26123,1.60242033
6/30/23 17:00,26123,1.671802878
6/30/23 18:00,26123,1.729293942
6/30/23 19:00,26123,1.776144624
6/30/23 20:00,26123,1.8072927
6/30/23 21:00,26123,1.833408713
6/30/23 22:00,26123,1.841211319
6/30/23 23:00,26123,1.840313792
7/1/23 0:00,26123,1.837364435
6/30/23 1:00,26125,5.093532085
6/30/23 2:00,26125,4.856684208
6/30/23 3:00,26125,4.696857929
6/30/23 4:00,26125,4.607164383
6/30/23 5:00,26125,4.575828075
6/30/23 6:00,26125,4.578502178
6/30/23 7:00,26125,4.610142231
6/30/23 8:00,26125,4.660624981
6/30/23 9:00,26125,4.722905636
6/30/23 10:00,26125,4.793820381
6/30/23 11:00,26125,4.857357025
6/30/23 12:00,26125,4.917493343
6/30/23 13:00,26125,4.989497185
6/30/23 14:00,26125,5.069931984
6/30/23 15:00,26125,5.163165092
6/30/23 16:00,26125,5.227867126
6/30/23 17:00,26125,5.321025848
6/30/23 18:00,26125,5.403886318
6/30/23 19:00,26125,5.493119717
6/30/23 20:00,26125,5.577606678
6/30/23 21:00,26125,5.634389877
6/30/23 22:00,26125,5.678621769
6/30/23 23:00,26125,5.719709396
7/1/23 0:00,26125,5.750775337
6/30/23 1:00,26127,0.326827615
6/30/23 2:00,26127,0.410078436
6/30/23 3:00,26127,0.488196522
6/30/23 4:00,26127,0.537763834
6/30/23 5:00,26127,0.563037574
6/30/23 6:00,26127,0.57067734
6/30/23 7:00,26127,0.566731632
6/30/23 8:00,26127,0.554932177
6/30/23 9:00,26127,0.539255321
6/30/23 10:00,26127,0.522885323
6/30/23 11:00,26127,0.506429553
6/30/23 12:00,26127,0.491647303
6/30/23 13:00,26127,0.482563168
6/30/23 14:00,26127,0.475280195
6/30/23 15:00,26127,0.470446169
6/30/23 16:00,26127,0.467410415
6/30/23 17:00,26127,0.46668762
6/30/23 18:00,26127,0.461234838
6/30/23 19:00,26127,0.455900103
6/30/23 20:00,26127,0.451347321
6/30/23 21:00,26127,0.448301136
6/30/23 22:00,26127,0.446343631
6/30/23 23:00,26127,0.447386742
7/1/23 0:00,26127,0.448926747
6/30/23 1:00,26129,0.284657985
6/30/23 2:00,26129,0.344424874
6/30/23 3:00,26129,0.315196723
6/30/23 4:00,26129,0.327516347
6/30/23 5:00,26129,0.341058761
6/30/23 6:00,26129,0.337736458
6/30/23 7:00,26129,0.324587613
6/30/23 8:00,26129,0.30608207
6/30/23 9:00,26129,0.2821922
6/30/23 10:00,26129,0.258754879
6/30/23 11:00,26129,0.253507853
6/30/23 12:00,26129,0.229128152
6/30/23 13:00,26129,0.227097139
6/30/23 14:00,26129,0.229752243
6/30/23 15:00,26129,0.230386943
6/30/23 16:00,26129,0.231335044
6/30/23 17:00,26129,0.232496098
6/30/23 18:00,26129,0.233166233
6/30/23 19:00,26129,0.233492211
6/30/23 20:00,26129,0.233608156
6/30/23 21:00,26129,0.233510852
6/30/23 22:00,26129,0.233310148
6/30/23 23:00,26129,0.233248591
7/1/23 0:00,26129,0.232988521
6/30/23 1:00,26131,-0.030886609
6/30/23 2:00,26131,-0.039484486
6/30/23 3:00,26131,-0.044400532
6/30/23 4:00,26131,-0.04684348
6/30/23 5:00,26131,-0.048110221
6/30/23 6:00,26131,-0.048804276
6/30/23 7:00,26131,-0.04985512
6/30/23 8:00,26131,-0.050489079
6/30/23 9:00,26131,-0.050585557
6/30/23 10:00,26131,-0.051222872
6/30/23 11:00,26131,-0.051716909
6/30/23 12:00,26131,-0.051882349
6/30/23 13:00,26131,-0.051905628
6/30/23 14:00,26131,-0.051918972
6/30/23 15:00,26131,-0.051926229
6/30/23 16:00,26131,-0.051929787
6/30/23 17:00,26131,-0.051931489
6/30/23 18:00,26131,-0.051932219
6/30/23 19:00,26131,-0.051932514
6/30/23 20:00,26131,-0.051932562
6/30/23 21:00,26131,-0.051932804
6/30/23 22:00,26131,-0.051932707
6/30/23 23:00,26131,-0.051932659
7/1/23 0:00,26131,-0.051932707
6/30/23 1:00,26133,1.237906814
6/30/23 2:00,26133,0.225319862
6/30/23 3:00,26133,-0.117852189
6/30/23 4:00,26133,-0.204615116
6/30/23 5:00,26133,-0.161401942
6/30/23 6:00,26133,-0.060559735
6/30/23 7:00,26133,0.061101116
6/30/23 8:00,26133,0.1671592
6/30/23 9:00,26133,0.248205632
6/30/23 10:00,26133,0.296177149
6/30/23 11:00,26133,0.333332807
6/30/23 12:00,26133,0.366011888
6/30/23 13:00,26133,0.375203967
6/30/23 14:00,26133,0.369472265
6/30/23 15:00,26133,0.358115941
6/30/23 16:00,26133,0.346730053
6/30/23 17:00,26133,0.337902695
6/30/23 18:00,26133,0.332269251
6/30/23 19:00,26133,0.329425216
6/30/23 20:00,26133,0.328571588
6/30/23 21:00,26133,0.32888487
6/30/23 22:00,26133,0.329709411
6/30/23 23:00,26133,0.33061263
7/1/23 0:00,26133,0.331385136
6/30/23 1:00,26135,-0.078090645
6/30/23 2:00,26135,-0.018945763
6/30/23 3:00,26135,0.111592293
6/30/23 4:00,26135,0.238955796
6/30/23 5:00,26135,0.346031755
6/30/23 6:00,26135,0.431745946
6/30/23 7:00,26135,0.501792908
6/30/23 8:00,26135,0.559538722
6/30/23 9:00,26135,0.60277015
6/30/23 10:00,26135,0.637489378
6/30/23 11:00,26135,0.665472448
6/30/23 12:00,26135,0.687084854
6/30/23 13:00,26135,0.694443941
6/30/23 14:00,26135,0.696725368
6/30/23 15:00,26135,0.696343243
6/30/23 16:00,26135,0.695005119
6/30/23 17:00,26135,0.693560898
6/30/23 18:00,26135,0.692340076
6/30/23 19:00,26135,0.691421032
6/30/23 20:00,26135,0.690781355
6/30/23 21:00,26135,0.690365136
6/30/23 22:00,26135,0.690110505
6/30/23 23:00,26135,0.689968109
7/1/23 0:00,26135,0.689901114
6/30/23 1:00,26137,0.141049892
6/30/23 2:00,26137,0.255534589
6/30/23 3:00,26137,0.358934969
6/30/23 4:00,26137,0.420310497
6/30/23 5:00,26137,0.434392214
6/30/23 6:00,26137,0.421383917
6/30/23 7:00,26137,0.39168191
6/30/23 8:00,26137,0.360863954
6/30/23 9:00,26137,0.327680796
6/30/23 10:00,26137,0.29613626
6/30/23 11:00,26137,0.275364518
6/30/23 12:00,26137,0.257466048
6/30/23 13:00,26137,0.248806357
6/30/23 14:00,26137,0.245779112
6/30/23 15:00,26137,0.246863306
6/30/23 16:00,26137,0.250481457
6/30/23 17:00,26137,0.25529182
6/30/23 18:00,26137,0.260232121
6/30/23 19:00,26137,0.26460582
6/30/23 20:00,26137,0.268028855
6/30/23 21:00,26137,0.270393521
6/30/23 22:00,26137,0.271752924
6/30/23 23:00,26137,0.272268146
7/1/23 0:00,26137,0.272173226
6/30/23 1:00,26139,3.64704752
6/30/23 2:00,26139,3.159888268
6/30/23 3:00,26139,2.829021454
6/30/23 4:00,26139,2.637118816
6/30/23 5:00,26139,2.532131672
6/30/23 6:00,26139,2.48694849
6/30/23 7:00,26139,2.463496923
6/30/23 8:00,26139,2.447475672
6/30/23 9:00,26139,2.440688133
6/30/23 10:00,26139,2.438943624
6/30/23 11:00,26139,2.437791586
6/30/23 12:00,26139,2.434517622
6/30/23 13:00,26139,2.435265064
6/30/23 14:00,26139,2.43756175
6/30/23 15:00,26139,2.439992428
6/30/23 16:00,26139,2.441884518
6/30/23 17:00,26139,2.443112135
6/30/23 18:00,26139,2.44379735
6/30/23 19:00,26139,2.444134951
6/30/23 20:00,26139,2.444277287
6/30/23 21:00,26139,2.44431591
6/30/23 22:00,26139,2.444307089
6/30/23 23:00,26139,2.444281101
7/1/23 0:00,26139,2.444251537
6/30/23 1:00,26141,0.052144989
6/30/23 2:00,26141,0.084096
6/30/23 3:00,26141,0.125295371
6/30/23 4:00,26141,0.14574267
6/30/23 5:00,26141,0.159165412
6/30/23 6:00,26141,0.164423287
6/30/23 7:00,26141,0.165933013
6/30/23 8:00,26141,0.162911475
6/30/23 9:00,26141,0.161206424
6/30/23 10:00,26141,0.158690318
6/30/23 11:00,26141,0.15464744
6/30/23 12:00,26141,0.150133282
6/30/23 13:00,26141,0.14749068
6/30/23 14:00,26141,0.145712674
6/30/23 15:00,26141,0.144598231
6/30/23 16:00,26141,0.144018948
6/30/23 17:00,26141,0.143790528
6/30/23 18:00,26141,0.143788189
6/30/23 19:00,26141,0.143909156
6/30/23 20:00,26141,0.144086301
6/30/23 21:00,26141,0.144268468
6/30/23 22:00,26141,0.144437239
6/30/23 23:00,26141,0.14458102
7/1/23 0:00,26141,0.144691259
6/30/23 1:00,26143,1.581409812
6/30/23 2:00,26143,0.596365333
6/30/23 3:00,26143,0.043300048
6/30/23 4:00,26143,-0.112400703
6/30/23 5:00,26143,-0.120262928
6/30/23 6:00,26143,-0.079228863
6/30/23 7:00,26143,-0.02453988
6/30/23 8:00,26143,0.024645125
6/30/23 9:00,26143,0.060206547
6/30/23 10:00,26143,0.081194282
6/30/23 11:00,26143,0.091373414
6/30/23 12:00,26143,0.092868328
6/30/23 13:00,26143,0.089804426
6/30/23 14:00,26143,0.084886245
6/30/23 15:00,26143,0.08034841
6/30/23 16:00,26143,0.077156015
6/30/23 17:00,26143,0.07532233
6/30/23 18:00,26143,0.074392729
6/30/23 19:00,26143,0.074148826
6/30/23 20:00,26143,0.074107885
6/30/23 21:00,26143,0.073948108
6/30/23 22:00,26143,0.074082807
6/30/23 23:00,26143,0.07443843
7/1/23 0:00,26143,0.074914306
6/30/23 1:00,26145,1.90645206
6/30/23 2:00,26145,2.951020002
6/30/23 3:00,26145,3.748437643
6/30/23 4:00,26145,4.408562183
6/30/23 5:00,26145,4.972206593
6/30/23 6:00,26145,5.435820103
6/30/23 7:00,26145,5.813668728
6/30/23 8:00,26145,6.118591785
6/30/23 9:00,26145,6.357818127
6/30/23 10:00,26145,6.545707226
6/30/23 11:00,26145,6.687398911
6/30/23 12:00,26145,6.861262798
6/30/23 13:00,26145,6.974034786
6/30/23 14:00,26145,7.051146984
6/30/23 15:00,26145,7.104747772
6/30/23 16:00,26145,7.142859459
6/30/23 17:00,26145,7.169875622
6/30/23 18:00,26145,7.188938141
6/30/23 19:00,26145,7.202283859
6/30/23 20:00,26145,7.211526871
6/30/23 21:00,26145,7.217831612
6/30/23 22:00,26145,7.222029686
6/30/23 23:00,26145,7.224722385
7/1/23 0:00,26145,7.226418018
6/30/23 1:00,26147,0.591527522
6/30/23 2:00,26147,0.646931171
6/30/23 3:00,26147,0.735181212
6/30/23 4:00,26147,0.836734831
6/30/23 5:00,26147,0.929305077
6/30/23 6:00,26147,1.014594913
6/30/23 7:00,26147,1.089007735
6/30/23 8:00,26147,1.156291485
6/30/23 9:00,26147,1.218007326
6/30/23 10:00,26147,1.27728498
6/30/23 11:00,26147,1.329565048
6/30/23 12:00,26147,1.379307628
6/30/23 13:00,26147,1.424739718
6/30/23 14:00,26147,1.466503024
6/30/23 15:00,26147,1.504944801
6/30/23 16:00,26147,1.540389776
6/30/23 17:00,26147,1.573125958
6/30/23 18:00,26147,1.603405356
6/30/23 19:00,26147,1.631449699
6/30/23 20:00,26147,1.657454133
6/30/23 21:00,26147,1.68159318
6/30/23 22:00,26147,1.704021692
6/30/23 23:00,26147,1.724879146
7/1/23 0:00,26147,1.744290709
6/30/23 1:00,26149,1.145314336
6/30/23 2:00,26149,0.908481359
6/30/23 3:00,26149,0.76286763
6/30/23 4:00,26149,0.653742611
6/30/23 5:00,26149,0.573968232
6/30/23 6:00,26149,0.555236161
6/30/23 7:00,26149,0.570241988
6/30/23 8:00,26149,0.582049012
6/30/23 9:00,26149,0.594401181
6/30/23 10:00,26149,0.587108254
6/30/23 11:00,26149,0.591450751
6/30/23 12:00,26149,0.59344548
6/30/23 13:00,26149,0.604372621
6/30/23 14:00,26149,0.615545392
6/30/23 15:00,26149,0.624417782
6/30/23 16:00,26149,0.630435944
6/30/23 17:00,26149,0.633759201
6/30/23 18:00,26149,0.634857774
6/30/23 19:00,26149,0.634592056
6/30/23 20:00,26149,0.63373518
6/30/23 21:00,26149,0.632678092
6/30/23 22:00,26149,0.631632686
6/30/23 23:00,26149,0.630555391
7/1/23 0:00,26149,0.629534006
6/30/23 1:00,26151,-0.085870549
6/30/23 2:00,26151,-0.084516518
6/30/23 3:00,26151,0.008604539
6/30/23 4:00,26151,0.17028825
6/30/23 5:00,26151,0.358828932
6/30/23 6:00,26151,0.537973106
6/30/23 7:00,26151,0.687439859
6/30/23 8:00,26151,0.809673846
6/30/23 9:00,26151,0.893585443
6/30/23 10:00,26151,0.931780517
6/30/23 11:00,26151,0.937962234
6/30/23 12:00,26151,0.911302209
6/30/23 13:00,26151,0.86784637
6/30/23 14:00,26151,0.819951236
6/30/23 15:00,26151,0.776505709
6/30/23 16:00,26151,0.742919922
6/30/23 17:00,26151,0.721420228
6/30/23 18:00,26151,0.71167469
6/30/23 19:00,26151,0.711619496
6/30/23 20:00,26151,0.718322158
6/30/23 21:00,26151,0.728741765
6/30/23 22:00,26151,0.740193665
6/30/23 23:00,26151,0.7506302
7/1/23 0:00,26151,0.758783281
6/30/23 1:00,26153,0.033535574
6/30/23 2:00,26153,0.056708794
6/30/23 3:00,26153,0.074369326
6/30/23 4:00,26153,0.088084057
6/30/23 5:00,26153,0.106695704
6/30/23 6:00,26153,0.133536845
6/30/23 7:00,26153,0.149753615
6/30/23 8:00,26153,0.169659182
6/30/23 9:00,26153,0.190053225
6/30/23 10:00,26153,0.209750727
6/30/23 11:00,26153,0.215180725
6/30/23 12:00,26153,0.227200106
6/30/23 13:00,26153,0.22804597
6/30/23 14:00,26153,0.228626311
6/30/23 15:00,26153,0.228970587
6/30/23 16:00,26153,0.229134798
6/30/23 17:00,26153,0.229164809
6/30/23 18:00,26153,0.229115963
6/30/23 19:00,26153,0.229044974
6/30/23 20:00,26153,0.228948027
6/30/23 21:00,26153,0.228853628
6/30/23 22:00,26153,0.228779763
6/30/23 23:00,26153,0.228739321
7/1/23 0:00,26153,0.228703246
6/30/23 1:00,26155,0.123030581
6/30/23 2:00,26155,0.101134494
6/30/23 3:00,26155,0.09798377
6/30/23 4:00,26155,0.121459775
6/30/23 5:00,26155,0.144454077
6/30/23 6:00,26155,0.163843989
6/30/23 7:00,26155,0.179425463
6/30/23 8:00,26155,0.185622215
6/30/23 9:00,26155,0.182418823
6/30/23 10:00,26155,0.197714329
6/30/23 11:00,26155,0.208672106
6/30/23 12:00,26155,0.21599409
6/30/23 13:00,26155,0.220027834
6/30/23 14:00,26155,0.222244501
6/30/23 15:00,26155,0.223474056
6/30/23 16:00,26155,0.224162847
6/30/23 17:00,26155,0.224551901
6/30/23 18:00,26155,0.224771842
6/30/23 19:00,26155,0.224894777
6/30/23 20:00,26155,0.224961013
6/30/23 21:00,26155,0.224990979
6/30/23 22:00,26155,0.224997059
6/30/23 23:00,26155,0.224993408
7/1/23 0:00,26155,0.224986523
6/30/23 1:00,26157,0.613126457
6/30/23 2:00,26157,1.033704042
6/30/23 3:00,26157,1.402461529
6/30/23 4:00,26157,1.716730952
6/30/23 5:00,26157,1.966873884
6/30/23 6:00,26157,2.157411098
6/30/23 7:00,26157,2.300163269
6/30/23 8:00,26157,2.401566982
6/30/23 9:00,26157,2.47741127
6/30/23 10:00,26157,2.530575752
6/30/23 11:00,26157,2.568660975
6/30/23 12:00,26157,2.594763041
6/30/23 13:00,26157,2.614370346
6/30/23 14:00,26157,2.629299879
6/30/23 15:00,26157,2.640894175
6/30/23 16:00,26157,2.650053263
6/30/23 17:00,26157,2.65737772
6/30/23 18:00,26157,2.663279533
6/30/23 19:00,26157,2.668055296
6/30/23 20:00,26157,2.671923637
6/30/23 21:00,26157,2.675056934
6/30/23 22:00,26157,2.677591324
6/30/23 23:00,26157,2.679636955
7/1/23 0:00,26157,2.681284904
6/30/23 1:00,26159,1.759394288
6/30/23 2:00,26159,1.930678487
6/30/23 3:00,26159,2.035251617
6/30/23 4:00,26159,2.08327055
6/30/23 5:00,26159,2.104037523
6/30/23 6:00,26159,2.110369682
6/30/23 7:00,26159,2.10987258
6/30/23 8:00,26159,2.10648489
6/30/23 9:00,26159,2.101195812
6/30/23 10:00,26159,2.095270395
6/30/23 11:00,26159,2.089325428
6/30/23 12:00,26159,2.085299015
6/30/23 13:00,26159,2.081014633
6/30/23 14:00,26159,2.076155663
6/30/23 15:00,26159,2.072197676
6/30/23 16:00,26159,2.067764282
6/30/23 17:00,26159,2.063515663
6/30/23 18:00,26159,2.060354948
6/30/23 19:00,26159,2.057335615
6/30/23 20:00,26159,2.054118633
6/30/23 21:00,26159,2.050523996
6/30/23 22:00,26159,2.046539307
6/30/23 23:00,26159,2.044786453
7/1/23 0:00,26159,2.044070482
6/30/23 1:00,26161,2.863327742
6/30/23 2:00,26161,3.306085348
6/30/23 3:00,26161,3.647019148
6/30/23 4:00,26161,3.881989956
6/30/23 5:00,26161,4.043813705
6/30/23 6:00,26161,4.159665585
6/30/23 7:00,26161,4.245005131
6/30/23 8:00,26161,4.310034752
6/30/23 9:00,26161,4.358195782
6/30/23 10:00,26161,4.39657259
6/30/23 11:00,26161,4.42470026
6/30/23 12:00,26161,4.452686787
6/30/23 13:00,26161,4.478808403
6/30/23 14:00,26161,4.504091263
6/30/23 15:00,26161,4.524611473
6/30/23 16:00,26161,4.544878006
6/30/23 17:00,26161,4.561425686
6/30/23 18:00,26161,4.573192596
6/30/23 19:00,26161,4.578485966
6/30/23 20:00,26161,4.579145432
6/30/23 21:00,26161,4.573921204
6/30/23 22:00,26161,4.567281246
6/30/23 23:00,26161,4.562809944
7/1/23 0:00,26161,4.561476707
6/30/23 1:00,26163,6.453931332
6/30/23 2:00,26163,6.128839016
6/30/23 3:00,26163,5.809127808
6/30/23 4:00,26163,5.52556324
6/30/23 5:00,26163,5.289549828
6/30/23 6:00,26163,5.102982044
6/30/23 7:00,26163,4.963349342
6/30/23 8:00,26163,4.864949703
6/30/23 9:00,26163,4.803745747
6/30/23 10:00,26163,4.769772053
6/30/23 11:00,26163,4.757581711
6/30/23 12:00,26163,4.760383129
6/30/23 13:00,26163,4.771648407
6/30/23 14:00,26163,4.788666725
6/30/23 15:00,26163,4.807320118
6/30/23 16:00,26163,4.824866295
6/30/23 17:00,26163,4.840988159
6/30/23 18:00,26163,4.855619907
6/30/23 19:00,26163,4.865274429
6/30/23 20:00,26163,4.869802952
6/30/23 21:00,26163,4.870044231
6/30/23 22:00,26163,4.869753361
6/30/23 23:00,26163,4.868452549
7/1/23 0:00,26163,4.865965366
6/30/23 1:00,26165,0.316990912
6/30/23 2:00,26165,0.44205761
6/30/23 3:00,26165,0.467205256
6/30/23 4:00,26165,0.442251951
6/30/23 5:00,26165,0.402252614
6/30/23 6:00,26165,0.367096543
6/30/23 7:00,26165,0.344154596
6/30/23 8:00,26165,0.333055347
6/30/23 9:00,26165,0.330686212
6/30/23 10:00,26165,0.33198297
6/30/23 11:00,26165,0.336349159
6/30/23 12:00,26165,0.341415286
6/30/23 13:00,26165,0.346151561
6/30/23 14:00,26165,0.350486219
6/30/23 15:00,26165,0.353708029
6/30/23 16:00,26165,0.354949296
6/30/23 17:00,26165,0.356891155
6/30/23 18:00,26165,0.358135253
6/30/23 19:00,26165,0.359750509
6/30/23 20:00,26165,0.361703187
6/30/23 21:00,26165,0.362350136
6/30/23 22:00,26165,0.362405241
6/30/23 23:00,26165,0.362037987
7/1/23 0:00,26165,0.361922801